,Environment Exhaust Time,Printable Exhaust Time,NonPr Exhaust Time,Print Capacity,Assembling Capacity,Collection Capacity,Average Build Quality in-service,Average Build Quality of System,#Out
100,84.0,30.0,82.0,62.72,62.72,62.72,0.65334,0.5711799999999999,33.66
101,0.0,0.0,0.0,7.38928954636371,7.38928954636371,7.38928954636371,0.021733945799141036,0.03142845207769545,7.331057222529368
