,Environment Exhaust Time,Printable Exhaust Time,NonPr Exhaust Time,Print Capacity,Assembling Capacity,Collection Capacity,Average Build Quality in-service,Average Build Quality of System,#Out
100,47.0,57.0,68.0,48.54,33.4,129.4,0.65898,0.58512,58.75
101,0.0,0.0,0.0,6.11787544822547,4.6303347611160905,16.010621474508728,0.022896279173699817,0.035329387201025714,15.56622947280426
