,Environment Exhaust Time,Printable Exhaust Time,NonPr Exhaust Time,Print Capacity,Assembling Capacity,Collection Capacity,Average Build Quality in-service,Average Build Quality of System,#Out
100,62.0,29.0,61.0,52.89,54.27,107.16,0.6578399999999999,0.58835,44.84
101,0.0,0.0,0.0,7.8254648424230995,7.42543601413412,13.203575273387129,0.020608600146540767,0.03425795528048923,13.203575273387129
