,Environment Exhaust Time,Printable Exhaust Time,NonPr Exhaust Time,Print Capacity,Assembling Capacity,Collection Capacity,Average Build Quality in-service,Average Build Quality of System,#Out
100,62.0,42.0,62.0,70.02,70.02,97.57,0.6416900000000001,0.55013,66.33
101,0.0,0.0,0.0,10.706988372086709,10.706988372086709,12.73519140021068,0.022969412269363804,0.030007550716444672,11.203619950712358
